strategy_id,strategy_name,trending_week,growth_rate,industry,conversion_potential,implementation_difficulty,cost_efficiency,time_to_results,ideal_business_size
10,Strategic Students Engagement via Video,7,-3.3,Construction,2.8,2,1.4,42,Medium
11,Growth-Oriented Blog Series Acquisition Strategy,4,20.6,B2B,1.6,5,2.4,24,Micro
12,Customer-Centric Testimonial Growth Strategy,2,1.0,Media,4.0,4,2.0,22,Large
13,Omnichannel B2B Engagement via Content,1,-4.9,Entertainment,2.3,1,4.8,17,Medium
14,IoT-Powered SMS for Small Business,2,8.3,Technology,4.6,3,3.4,13,Micro
15,CDP-Based Education Marketing,9,8.7,Automotive,3.6,4,1.1,64,Medium
16,AI-Powered Short-term eBook Campaign,9,17.3,Legal,4.2,1,2.8,65,Small
17,Performance-Based Construction Social Media Approach,9,3.4,Travel,1.7,1,3.5,70,Small
18,Long-term TikTok Expansion Campaign,6,5.0,Home Services,3.9,3,4.5,37,Micro
19,Interactive High-Income Engagement via SMS,8,-1.2,Hospitality,4.4,1,4.3,57,Micro
20,30-Day PPC Campaign Campaign,9,9.0,Media,1.2,1,2.7,59,Small
21,High-Converting Scheduled Story Campaign,8,48.9,Luxury,2.8,4,4.4,62,Small
22,ROI-Focused E-commerce Story,9,-7.4,Home Services,1.5,2,2.4,69,Small
23,Integrated Programmatic Integration for Blog,3,12.4,Hospitality,2.3,3,3.8,15,Micro
24,Omnichannel Tutorial Branding Strategy,9,7.0,Fitness,3.3,3,3.9,59,Medium
25,Ongoing Professionals Retention Strategy,9,19.2,B2B,3.8,4,4.9,70,Micro
26,ROI-Focused Finance Live Stream,9,2.5,Legal,1.1,4,2.0,72,Medium
27,Periodic Social Media Outreach Campaign,9,18.8,Food & Beverage,3.7,1,4.6,67,Medium
28,Data-Driven YouTube Branding,5,36.2,Food & Beverage,2.3,1,4.2,40,Large
29,Cost-Effective Finance Content Approach,1,-5.4,Legal,4.3,3,2.0,12,Small
30,AI-Powered Executives Engagement via Organic Social,9,12.4,Education,4.1,2,2.5,72,Small
31,Strategic Evergreen Newsletter Campaign,10,9.8,Home Services,2.3,1,2.2,75,Small
32,Engaging Enterprise Engagement via TikTok,3,3.1,Retail,1.3,5,4.8,14,Medium
33,Data-Driven YouTube Outreach,4,54.2,Beauty,1.1,5,2.9,38,Medium
34,Beauty-Focused Podcast Strategy,5,12.3,Food & Beverage,1.3,3,4.0,32,Large
35,Innovative Automotive Email Approach,4,1.9,Retail,4.5,2,3.9,38,Large
36,Beauty-Focused Affiliate Strategy,7,46.9,Hospitality,1.8,3,2.5,55,Medium
37,Data-Driven PPC Nurturing,11,-5.1,B2B,3.1,1,4.3,86,Micro
38,Dynamic Newsletter Marketing for Professionals,8,57.9,Luxury,3.8,4,4.6,66,Small
39,Education-Focused Affiliate Strategy,12,-5.5,Retail,2.4,4,3.8,82,Micro
40,Personalization-Based Healthcare Marketing,11,2.5,Education,4.2,5,2.4,74,Micro
41,Sustained Small Business Retention Strategy,5,5.4,Professional Services,4.8,4,2.0,37,Small
42,Cost-Effective Interview Marketing for Small Business,5,18.4,Fitness,2.5,5,2.5,43,Small
43,Blockchain-Based Non-Profit Marketing,2,20.6,Real Estate,4.3,3,2.8,10,Large
44,Cross-Platform Tutorial Expansion,1,12.7,Automotive,2.7,4,2.9,9,Micro
45,Evergreen Content Branding Campaign,9,2.3,Education,3.4,3,3.1,55,Small
46,AI-Powered SEO for International,7,17.5,Fitness,4.6,2,4.5,58,Micro
47,Healthcare-Focused TikTok Strategy,7,3.7,Healthcare,4.1,2,1.1,47,Large
48,Technology-Focused Social Media Strategy,3,0.5,Non-Profit,1.0,4,1.6,24,Medium
49,Entertainment-Focused Social Media Strategy,10,14.4,Travel,1.9,3,2.3,74,Small
50,Quarterly International Retention Strategy,12,-1.0,Travel,3.2,2,2.0,84,Large
51,Video Live Stream for Healthcare Businesses,6,24.7,Retail,1.0,3,1.8,50,Small
52,Cost-Effective Retail Video Approach,3,17.3,Technology,1.8,4,4.4,31,Micro
53,Non-Profit-Focused YouTube Strategy,6,4.9,Manufacturing,3.8,4,2.4,41,Medium
54,Periodic Executives Retention Strategy,10,20.4,Finance,4.3,2,2.4,67,Micro
55,ROI-Focused Professional Services Whitepaper,2,2.6,Healthcare,2.8,5,2.7,20,Large
56,Paid Social Q&A for Entertainment Businesses,1,24.6,B2B,4.8,3,3.4,7,Micro
57,Advanced Analytics Integration for Video,10,16.0,Technology,4.8,1,4.9,68,Micro
58,High-Converting Rapid Podcast Campaign,5,1.1,Fitness,4.6,2,4.1,40,Small
59,ROI-Focused Education Q&A,6,1.2,Beauty,2.0,2,2.2,41,Large
60,Cloud-Powered TikTok for Budget-Conscious,7,7.4,Healthcare,2.3,1,4.1,49,Medium
61,Always-On PR Marketing Campaign,5,27.6,Manufacturing,3.5,3,1.2,35,Small
62,Cross-Platform Webinar Branding,3,10.2,B2B,3.2,3,3.2,22,Small
63,Growth-Oriented B2C Engagement via Paid Social,3,-5.4,Home Services,2.3,4,1.7,15,Micro
64,Interactive CRM Integration for PR,6,15.6,Automotive,4.9,1,2.7,35,Small
65,Revenue-Generating Video Marketing for Millennials,2,54.1,Luxury,2.8,1,2.2,22,Small
66,Scheduled Instagram Engagement Campaign,10,12.2,Fashion,4.0,4,3.6,78,Small
67,Voice Search-Powered Podcast for Senior Citizens,10,7.1,Hospitality,1.3,1,3.0,67,Large
68,30-Day Blog Scaling Campaign,4,55.7,Automotive,1.3,5,4.8,37,Micro
69,Advanced B2C Engagement via Social Media,2,3.0,Healthcare,2.3,5,2.3,17,Medium
70,ROI-Focused Beauty Webinar,5,37.8,Media,3.2,3,1.1,34,Medium
71,Cost-Effective 30-Day Guide Campaign,12,11.5,Fitness,4.4,5,2.8,84,Medium
72,Integrated Hospitality Blog Approach,5,2.3,Hospitality,4.9,2,4.6,38,Large
73,Advanced Video Marketing for Remote Workers,1,11.0,Fitness,3.7,2,2.5,7,Large
74,ROI-Focused Students Engagement via SMS,1,-9.1,Retail,3.3,3,4.1,7,Small
75,Cloud-Based Entertainment Marketing,5,22.3,Entertainment,2.6,5,1.0,35,Medium
76,ROI-Focused Non-Profit Webinar,7,-6.7,Media,2.1,1,2.0,41,Large
77,Cross-Platform Template Strategy,9,11.1,Manufacturing,3.4,5,4.0,60,Micro
78,Non-Profit-Focused Podcast Strategy,12,33.0,SaaS,3.0,5,1.0,94,Large
79,Year-Round Webinar Expansion Campaign,8,15.5,Professional Services,2.4,5,1.5,57,Micro
80,Growth-Oriented Limited-Time Newsletter Campaign,12,4.8,Real Estate,2.4,4,3.4,90,Small
81,Year-Round Gen Z Retention Strategy,1,1.9,Education,1.3,2,1.7,16,Large
82,Engaging Tutorial Marketing for Professionals,6,51.7,Beauty,3.8,2,3.3,32,Medium
83,Customer-Centric Checklist Promotion Strategy,2,13.6,Construction,4.6,3,2.5,21,Large
84,Year-Round Organic Social Engagement Campaign,5,17.9,Automotive,2.2,5,3.7,40,Large
85,Blockchain-Based Manufacturing Marketing,3,29.1,Media,4.7,4,4.3,15,Small
86,Manufacturing-Focused LinkedIn Strategy,10,-0.0,Retail,1.4,1,2.6,69,Micro
87,Cloud-Powered TikTok for B2C,2,24.7,Healthcare,3.7,2,4.9,20,Small
88,Email Q&A for Non-Profit Businesses,9,20.8,Travel,2.2,3,4.4,66,Medium
89,Performance-Based Video Marketing for Startups,9,49.1,Home Services,1.7,3,2.1,55,Micro
90,Cross-Platform Story Branding,1,11.0,Education,4.3,3,3.8,7,Large
91,Healthcare-Focused Content Strategy,6,6.5,E-commerce,1.6,3,1.9,43,Micro
92,Performance-Based International Engagement via PR,2,22.4,Entertainment,3.0,2,3.0,10,Large
93,B2B-Focused Video Strategy,10,20.1,Media,4.7,3,2.1,70,Medium
94,Advanced Manufacturing LinkedIn Approach,9,53.8,Technology,2.9,2,3.1,71,Micro
95,Evergreen High-Income Retention Strategy,2,17.7,Luxury,2.3,1,3.5,10,Medium
96,Omnichannel Whitepaper Marketing for High-Income,9,34.2,Food & Beverage,3.6,5,2.0,65,Small
97,Revenue-Generating Whitepaper Marketing for International,2,19.4,B2B,1.1,2,4.0,11,Medium
98,Automated Guide Marketing for Small Business,2,5.2,Construction,3.8,4,1.5,16,Small
99,Education-Focused Organic Social Strategy,7,51.6,Entertainment,3.7,1,4.3,44,Micro
100,ROI-Focused E-commerce Whitepaper,1,-3.1,Technology,2.6,3,1.0,7,Small
101,Revenue-Generating Content Marketing for Small Business,9,10.7,Automotive,1.5,1,4.3,59,Micro
102,Evergreen International Retention Strategy,10,8.2,Retail,2.6,3,4.0,63,Large
103,Programmatic-Based Beauty Marketing,8,59.0,Home Services,5.0,5,4.5,66,Medium
104,LinkedIn Review for Media Businesses,6,3.4,B2B,5.0,2,3.1,41,Micro
105,Scheduled Content Nurturing Campaign,12,-4.3,Automotive,3.6,2,4.2,90,Small
106,Fitness-Focused TikTok Strategy,7,-1.2,Professional Services,3.4,5,5.0,58,Micro
107,Data-Driven PR Optimization,11,57.7,Education,4.9,1,2.8,72,Micro
108,Advanced Evergreen Interview Campaign,1,4.2,Home Services,2.9,1,1.0,7,Large
109,AI-Powered Executives Engagement via Influencer,2,1.1,Real Estate,2.5,2,4.1,16,Small
